{
  "test_A_fresh_traj_ds": {
    "seed_aucs": [
      0.9289186703455524,
      0.930451539438532,
      0.6870319274733938,
      0.6794551745280953,
      0.9342618140410809
    ],
    "mean": 0.8320238251653309,
    "std": 0.12151467062250548
  },
  "test_B_pretrained_fmat_zscore": {
    "auc": 0.9290238262792802
  },
  "test_B_pretrained_fmat_raw": {
    "auc": 0.9364129888408566
  },
  "test_B_pretrained_traj_ds_zscore": {
    "auc": 0.9320720010511102
  },
  "test_B_pretrained_traj_ds_raw": {
    "auc": 0.9416195856873822
  },
  "test_C_fresh_fmat": {
    "seed_aucs": [
      0.9293254247511812,
      0.9337991354177139,
      0.9274655675077914,
      0.6737207198150197,
      0.9282698300995276
    ],
    "mean": 0.8785161355182467,
    "std": 0.10242112405152022
  },
  "split": {
    "traj_ds_train": 1689,
    "traj_ds_val": 446,
    "fmat_train": 1734,
    "fmat_val": 401
  }
}