{
  "mode": "jb_specific",
  "theta_flat": 0.2,
  "n_full_features": 524288,
  "n_valid": 426373,
  "sweep": {
    "0.05": {
      "n_fh": 172538,
      "n_fs": 90268
    },
    "0.1": {
      "n_fh": 32948,
      "n_fs": 19591
    },
    "0.15": {
      "n_fh": 6366,
      "n_fs": 3545
    },
    "0.2": {
      "n_fh": 1103,
      "n_fs": 288
    },
    "0.25": {
      "n_fh": 123,
      "n_fs": 9
    },
    "0.3": {
      "n_fh": 7,
      "n_fs": 0
    }
  },
  "corr_stats": {
    "mean": 0.015374010427682492,
    "std": 0.06704156255430054,
    "max": 0.3580108664074242,
    "min": -0.27699876417936153
  }
}