{
  "mode": "differential",
  "n_full_features": 524288,
  "n_valid": 426405,
  "sweep": {
    "0.05": {
      "n_fh": 140694,
      "n_fs": 113438
    },
    "0.1": {
      "n_fh": 33629,
      "n_fs": 42772
    },
    "0.15": {
      "n_fh": 6715,
      "n_fs": 14102
    },
    "0.2": {
      "n_fh": 1124,
      "n_fs": 4050
    },
    "0.25": {
      "n_fh": 158,
      "n_fs": 1067
    },
    "0.3": {
      "n_fh": 13,
      "n_fs": 256
    }
  },
  "corr_stats": {
    "mean": 0.002885947793734273,
    "std": 0.07794965021895102,
    "max": 0.33303552242534584,
    "min": -0.49356518981467834
  }
}